cluster,user_count,avg_clicks,avg_scrolls,avg_views,avg_x,avg_y
3,78,1.0,0.0,0.0,938.2435897435897,539.7948717948718
0,19,0.0,1.0,0.0,911.8421052631579,880.578947368421
4,27,0.0,1.0,0.0,1515.5925925925926,343.74074074074076
1,28,0.0,1.0,0.0,511.07142857142856,323.57142857142856
2,79,0.0,0.0,1.0,913.9240506329114,496.9113924050633
